Date,Category,Sales
2022-01-01,Beauty,241
2022-01-01,Clothing,522
2022-01-01,Electronics,684
2022-01-02,Beauty,261
2022-01-02,Clothing,490
2022-01-02,Electronics,690
2022-01-03,Beauty,232
2022-01-03,Clothing,436
2022-01-03,Electronics,624
2022-01-04,Beauty,224
2022-01-04,Clothing,437
2022-01-04,Electronics,649
2022-01-05,Beauty,173
2022-01-05,Clothing,352
2022-01-05,Electronics,571
2022-01-06,Beauty,202
2022-01-06,Clothing,351
2022-01-06,Electronics,637
2022-01-07,Beauty,179
2022-01-07,Clothing,387
2022-01-07,Electronics,551
2022-01-08,Beauty,253
2022-01-08,Clothing,489
2022-01-08,Electronics,690
2022-01-09,Beauty,222
2022-01-09,Clothing,505
2022-01-09,Electronics,727
2022-01-10,Beauty,171
2022-01-10,Clothing,438
2022-01-10,Electronics,598
2022-01-11,Beauty,240
2022-01-11,Clothing,408
2022-01-11,Electronics,591
2022-01-12,Beauty,241
2022-01-12,Clothing,409
2022-01-12,Electronics,629
2022-01-13,Beauty,164
2022-01-13,Clothing,411
2022-01-13,Electronics,611
2022-01-14,Beauty,196
2022-01-14,Clothing,411
2022-01-14,Electronics,600
2022-01-15,Beauty,244
2022-01-15,Clothing,493
2022-01-15,Electronics,672
2022-01-16,Beauty,240
2022-01-16,Clothing,436
2022-01-16,Electronics,690
2022-01-17,Beauty,222
2022-01-17,Clothing,388
2022-01-17,Electronics,567
2022-01-18,Beauty,153
2022-01-18,Clothing,438
2022-01-18,Electronics,609
2022-01-19,Beauty,163
2022-01-19,Clothing,358
2022-01-19,Electronics,639
2022-01-20,Beauty,202
2022-01-20,Clothing,351
2022-01-20,Electronics,633
2022-01-21,Beauty,241
2022-01-21,Clothing,409
2022-01-21,Electronics,620
2022-01-22,Beauty,233
2022-01-22,Clothing,437
2022-01-22,Electronics,716
2022-01-23,Beauty,224
2022-01-23,Clothing,507
2022-01-23,Electronics,750
2022-01-24,Beauty,185
2022-01-24,Clothing,399
2022-01-24,Electronics,553
2022-01-25,Beauty,151
2022-01-25,Clothing,355
2022-01-25,Electronics,603
2022-01-26,Beauty,153
2022-01-26,Clothing,403
2022-01-26,Electronics,642
2022-01-27,Beauty,212
2022-01-27,Clothing,367
2022-01-27,Electronics,639
2022-01-28,Beauty,193
2022-01-28,Clothing,383
2022-01-28,Electronics,623
2022-01-29,Beauty,251
2022-01-29,Clothing,529
2022-01-29,Electronics,683
2022-01-30,Beauty,284
2022-01-30,Clothing,477
2022-01-30,Electronics,684
2022-01-31,Beauty,221
2022-01-31,Clothing,427
2022-01-31,Electronics,636
2022-02-01,Beauty,211
2022-02-01,Clothing,389
2022-02-01,Electronics,634
2022-02-02,Beauty,229
2022-02-02,Clothing,431
2022-02-02,Electronics,602
2022-02-03,Beauty,173
2022-02-03,Clothing,375
2022-02-03,Electronics,638
2022-02-04,Beauty,209
2022-02-04,Clothing,390
2022-02-04,Electronics,578
2022-02-05,Beauty,204
2022-02-05,Clothing,474
2022-02-05,Electronics,734
2022-02-06,Beauty,278
2022-02-06,Clothing,500
2022-02-06,Electronics,678
2022-02-07,Beauty,237
2022-02-07,Clothing,350
2022-02-07,Electronics,557
2022-02-08,Beauty,237
2022-02-08,Clothing,412
2022-02-08,Electronics,560
2022-02-09,Beauty,230
2022-02-09,Clothing,357
2022-02-09,Electronics,584
2022-02-10,Beauty,184
2022-02-10,Clothing,382
2022-02-10,Electronics,554
2022-02-11,Beauty,190
2022-02-11,Clothing,377
2022-02-11,Electronics,556
2022-02-12,Beauty,262
2022-02-12,Clothing,501
2022-02-12,Electronics,681
2022-02-13,Beauty,223
2022-02-13,Clothing,462
2022-02-13,Electronics,717
2022-02-14,Beauty,172
2022-02-14,Clothing,411
2022-02-14,Electronics,637
2022-02-15,Beauty,186
2022-02-15,Clothing,448
2022-02-15,Electronics,593
2022-02-16,Beauty,235
2022-02-16,Clothing,440
2022-02-16,Electronics,584
2022-02-17,Beauty,214
2022-02-17,Clothing,448
2022-02-17,Electronics,596
2022-02-18,Beauty,227
2022-02-18,Clothing,352
2022-02-18,Electronics,550
2022-02-19,Beauty,194
2022-02-19,Clothing,519
2022-02-19,Electronics,683
2022-02-20,Beauty,216
2022-02-20,Clothing,438
2022-02-20,Electronics,748
2022-02-21,Beauty,164
2022-02-21,Clothing,439
2022-02-21,Electronics,591
2022-02-22,Beauty,226
2022-02-22,Clothing,400
2022-02-22,Electronics,612
2022-02-23,Beauty,245
2022-02-23,Clothing,401
2022-02-23,Electronics,645
2022-02-24,Beauty,153
2022-02-24,Clothing,443
2022-02-24,Electronics,572
2022-02-25,Beauty,164
2022-02-25,Clothing,392
2022-02-25,Electronics,578
2022-02-26,Beauty,225
2022-02-26,Clothing,442
2022-02-26,Electronics,701
2022-02-27,Beauty,260
2022-02-27,Clothing,488
2022-02-27,Electronics,755
2022-02-28,Beauty,177
2022-02-28,Clothing,415
2022-02-28,Electronics,591
2022-03-01,Beauty,194
2022-03-01,Clothing,411
2022-03-01,Electronics,606
2022-03-02,Beauty,155
2022-03-02,Clothing,377
2022-03-02,Electronics,577
2022-03-03,Beauty,193
2022-03-03,Clothing,433
2022-03-03,Electronics,579
2022-03-04,Beauty,211
2022-03-04,Clothing,424
2022-03-04,Electronics,641
2022-03-05,Beauty,278
2022-03-05,Clothing,491
2022-03-05,Electronics,766
2022-03-06,Beauty,190
2022-03-06,Clothing,456
2022-03-06,Electronics,731
2022-03-07,Beauty,226
2022-03-07,Clothing,352
2022-03-07,Electronics,619
2022-03-08,Beauty,221
2022-03-08,Clothing,376
2022-03-08,Electronics,558
2022-03-09,Beauty,211
2022-03-09,Clothing,386
2022-03-09,Electronics,646
2022-03-10,Beauty,200
2022-03-10,Clothing,393
2022-03-10,Electronics,573
2022-03-11,Beauty,228
2022-03-11,Clothing,408
2022-03-11,Electronics,581
2022-03-12,Beauty,285
2022-03-12,Clothing,517
2022-03-12,Electronics,721
2022-03-13,Beauty,251
2022-03-13,Clothing,487
2022-03-13,Electronics,721
2022-03-14,Beauty,161
2022-03-14,Clothing,388
2022-03-14,Electronics,551
2022-03-15,Beauty,152
2022-03-15,Clothing,405
2022-03-15,Electronics,630
2022-03-16,Beauty,208
2022-03-16,Clothing,351
2022-03-16,Electronics,551
2022-03-17,Beauty,241
2022-03-17,Clothing,403
2022-03-17,Electronics,636
2022-03-18,Beauty,245
2022-03-18,Clothing,446
2022-03-18,Electronics,550
2022-03-19,Beauty,208
2022-03-19,Clothing,431
2022-03-19,Electronics,722
2022-03-20,Beauty,233
2022-03-20,Clothing,519
2022-03-20,Electronics,701
2022-03-21,Beauty,219
2022-03-21,Clothing,381
2022-03-21,Electronics,617
2022-03-22,Beauty,204
2022-03-22,Clothing,424
2022-03-22,Electronics,605
2022-03-23,Beauty,166
2022-03-23,Clothing,387
2022-03-23,Electronics,573
2022-03-24,Beauty,218
2022-03-24,Clothing,447
2022-03-24,Electronics,619
2022-03-25,Beauty,235
2022-03-25,Clothing,360
2022-03-25,Electronics,565
2022-03-26,Beauty,286
2022-03-26,Clothing,502
2022-03-26,Electronics,728
2022-03-27,Beauty,259
2022-03-27,Clothing,509
2022-03-27,Electronics,762
2022-03-28,Beauty,152
2022-03-28,Clothing,369
2022-03-28,Electronics,608
2022-03-29,Beauty,185
2022-03-29,Clothing,368
2022-03-29,Electronics,639
2022-03-30,Beauty,216
2022-03-30,Clothing,368
2022-03-30,Electronics,569
2022-03-31,Beauty,245
2022-03-31,Clothing,420
2022-03-31,Electronics,601
2022-04-01,Beauty,242
2022-04-01,Clothing,389
2022-04-01,Electronics,588
2022-04-02,Beauty,343
2022-04-02,Clothing,430
2022-04-02,Electronics,680
2022-04-03,Beauty,353
2022-04-03,Clothing,486
2022-04-03,Electronics,758
2022-04-04,Beauty,259
2022-04-04,Clothing,372
2022-04-04,Electronics,580
2022-04-05,Beauty,303
2022-04-05,Clothing,391
2022-04-05,Electronics,648
2022-04-06,Beauty,216
2022-04-06,Clothing,365
2022-04-06,Electronics,639
2022-04-07,Beauty,269
2022-04-07,Clothing,351
2022-04-07,Electronics,550
2022-04-08,Beauty,257
2022-04-08,Clothing,361
2022-04-08,Electronics,618
2022-04-09,Beauty,298
2022-04-09,Clothing,461
2022-04-09,Electronics,678
2022-04-10,Beauty,360
2022-04-10,Clothing,448
2022-04-10,Electronics,717
2022-04-11,Beauty,289
2022-04-11,Clothing,352
2022-04-11,Electronics,569
2022-04-12,Beauty,233
2022-04-12,Clothing,403
2022-04-12,Electronics,582
2022-04-13,Beauty,233
2022-04-13,Clothing,424
2022-04-13,Electronics,621
2022-04-14,Beauty,245
2022-04-14,Clothing,387
2022-04-14,Electronics,633
2022-04-15,Beauty,308
2022-04-15,Clothing,438
2022-04-15,Electronics,648
2022-04-16,Beauty,286
2022-04-16,Clothing,522
2022-04-16,Electronics,687
2022-04-17,Beauty,343
2022-04-17,Clothing,495
2022-04-17,Electronics,723
2022-04-18,Beauty,244
2022-04-18,Clothing,429
2022-04-18,Electronics,610
2022-04-19,Beauty,250
2022-04-19,Clothing,449
2022-04-19,Electronics,582
2022-04-20,Beauty,277
2022-04-20,Clothing,382
2022-04-20,Electronics,563
2022-04-21,Beauty,230
2022-04-21,Clothing,397
2022-04-21,Electronics,569
2022-04-22,Beauty,217
2022-04-22,Clothing,356
2022-04-22,Electronics,616
2022-04-23,Beauty,278
2022-04-23,Clothing,462
2022-04-23,Electronics,717
2022-04-24,Beauty,337
2022-04-24,Clothing,488
2022-04-24,Electronics,755
2022-04-25,Beauty,231
2022-04-25,Clothing,379
2022-04-25,Electronics,587
2022-04-26,Beauty,260
2022-04-26,Clothing,403
2022-04-26,Electronics,557
2022-04-27,Beauty,236
2022-04-27,Clothing,376
2022-04-27,Electronics,647
2022-04-28,Beauty,230
2022-04-28,Clothing,379
2022-04-28,Electronics,646
2022-04-29,Beauty,237
2022-04-29,Clothing,413
2022-04-29,Electronics,646
2022-04-30,Beauty,330
2022-04-30,Clothing,490
2022-04-30,Electronics,717
2022-05-01,Beauty,280
2022-05-01,Clothing,433
2022-05-01,Electronics,704
2022-05-02,Beauty,273
2022-05-02,Clothing,398
2022-05-02,Electronics,566
2022-05-03,Beauty,253
2022-05-03,Clothing,441
2022-05-03,Electronics,579
2022-05-04,Beauty,302
2022-05-04,Clothing,395
2022-05-04,Electronics,555
2022-05-05,Beauty,308
2022-05-05,Clothing,386
2022-05-05,Electronics,573
2022-05-06,Beauty,302
2022-05-06,Clothing,395
2022-05-06,Electronics,602
2022-05-07,Beauty,356
2022-05-07,Clothing,528
2022-05-07,Electronics,729
2022-05-08,Beauty,358
2022-05-08,Clothing,492
2022-05-08,Electronics,754
2022-05-09,Beauty,241
2022-05-09,Clothing,436
2022-05-09,Electronics,582
2022-05-10,Beauty,276
2022-05-10,Clothing,367
2022-05-10,Electronics,574
2022-05-11,Beauty,304
2022-05-11,Clothing,403
2022-05-11,Electronics,607
2022-05-12,Beauty,276
2022-05-12,Clothing,395
2022-05-12,Electronics,573
2022-05-13,Beauty,241
2022-05-13,Clothing,396
2022-05-13,Electronics,635
2022-05-14,Beauty,284
2022-05-14,Clothing,495
2022-05-14,Electronics,696
2022-05-15,Beauty,263
2022-05-15,Clothing,519
2022-05-15,Electronics,686
2022-05-16,Beauty,242
2022-05-16,Clothing,358
2022-05-16,Electronics,592
2022-05-17,Beauty,257
2022-05-17,Clothing,388
2022-05-17,Electronics,642
2022-05-18,Beauty,251
2022-05-18,Clothing,375
2022-05-18,Electronics,648
2022-05-19,Beauty,259
2022-05-19,Clothing,374
2022-05-19,Electronics,573
2022-05-20,Beauty,222
2022-05-20,Clothing,409
2022-05-20,Electronics,556
2022-05-21,Beauty,318
2022-05-21,Clothing,465
2022-05-21,Electronics,714
2022-05-22,Beauty,281
2022-05-22,Clothing,494
2022-05-22,Electronics,677
2022-05-23,Beauty,225
2022-05-23,Clothing,363
2022-05-23,Electronics,625
2022-05-24,Beauty,296
2022-05-24,Clothing,364
2022-05-24,Electronics,641
2022-05-25,Beauty,307
2022-05-25,Clothing,415
2022-05-25,Electronics,581
2022-05-26,Beauty,296
2022-05-26,Clothing,412
2022-05-26,Electronics,635
2022-05-27,Beauty,260
2022-05-27,Clothing,374
2022-05-27,Electronics,607
2022-05-28,Beauty,324
2022-05-28,Clothing,491
2022-05-28,Electronics,691
2022-05-29,Beauty,319
2022-05-29,Clothing,487
2022-05-29,Electronics,755
2022-05-30,Beauty,258
2022-05-30,Clothing,401
2022-05-30,Electronics,591
2022-05-31,Beauty,279
2022-05-31,Clothing,364
2022-05-31,Electronics,603
2022-06-01,Beauty,269
2022-06-01,Clothing,446
2022-06-01,Electronics,557
2022-06-02,Beauty,262
2022-06-02,Clothing,409
2022-06-02,Electronics,554
2022-06-03,Beauty,277
2022-06-03,Clothing,355
2022-06-03,Electronics,645
2022-06-04,Beauty,355
2022-06-04,Clothing,476
2022-06-04,Electronics,768
2022-06-05,Beauty,316
2022-06-05,Clothing,469
2022-06-05,Electronics,721
2022-06-06,Beauty,225
2022-06-06,Clothing,362
2022-06-06,Electronics,579
2022-06-07,Beauty,228
2022-06-07,Clothing,366
2022-06-07,Electronics,612
2022-06-08,Beauty,228
2022-06-08,Clothing,441
2022-06-08,Electronics,607
2022-06-09,Beauty,264
2022-06-09,Clothing,439
2022-06-09,Electronics,639
2022-06-10,Beauty,271
2022-06-10,Clothing,372
2022-06-10,Electronics,558
2022-06-11,Beauty,273
2022-06-11,Clothing,430
2022-06-11,Electronics,727
2022-06-12,Beauty,262
2022-06-12,Clothing,463
2022-06-12,Electronics,765
2022-06-13,Beauty,257
2022-06-13,Clothing,438
2022-06-13,Electronics,550
2022-06-14,Beauty,225
2022-06-14,Clothing,410
2022-06-14,Electronics,613
2022-06-15,Beauty,272
2022-06-15,Clothing,418
2022-06-15,Electronics,571
2022-06-16,Beauty,302
2022-06-16,Clothing,416
2022-06-16,Electronics,625
2022-06-17,Beauty,235
2022-06-17,Clothing,365
2022-06-17,Electronics,600
2022-06-18,Beauty,347
2022-06-18,Clothing,486
2022-06-18,Electronics,698
2022-06-19,Beauty,339
2022-06-19,Clothing,521
2022-06-19,Electronics,738
2022-06-20,Beauty,256
2022-06-20,Clothing,443
2022-06-20,Electronics,611
2022-06-21,Beauty,278
2022-06-21,Clothing,425
2022-06-21,Electronics,565
2022-06-22,Beauty,299
2022-06-22,Clothing,439
2022-06-22,Electronics,597
2022-06-23,Beauty,294
2022-06-23,Clothing,388
2022-06-23,Electronics,649
2022-06-24,Beauty,242
2022-06-24,Clothing,443
2022-06-24,Electronics,572
2022-06-25,Beauty,271
2022-06-25,Clothing,498
2022-06-25,Electronics,769
2022-06-26,Beauty,295
2022-06-26,Clothing,481
2022-06-26,Electronics,764
2022-06-27,Beauty,219
2022-06-27,Clothing,368
2022-06-27,Electronics,607
2022-06-28,Beauty,305
2022-06-28,Clothing,350
2022-06-28,Electronics,618
2022-06-29,Beauty,213
2022-06-29,Clothing,365
2022-06-29,Electronics,573
2022-06-30,Beauty,289
2022-06-30,Clothing,351
2022-06-30,Electronics,641
2022-07-01,Beauty,181
2022-07-01,Clothing,440
2022-07-01,Electronics,633
2022-07-02,Beauty,213
2022-07-02,Clothing,441
2022-07-02,Electronics,719
2022-07-03,Beauty,224
2022-07-03,Clothing,462
2022-07-03,Electronics,702
2022-07-04,Beauty,210
2022-07-04,Clothing,400
2022-07-04,Electronics,592
2022-07-05,Beauty,161
2022-07-05,Clothing,416
2022-07-05,Electronics,614
2022-07-06,Beauty,182
2022-07-06,Clothing,389
2022-07-06,Electronics,623
2022-07-07,Beauty,192
2022-07-07,Clothing,393
2022-07-07,Electronics,578
2022-07-08,Beauty,162
2022-07-08,Clothing,361
2022-07-08,Electronics,644
2022-07-09,Beauty,235
2022-07-09,Clothing,431
2022-07-09,Electronics,704
2022-07-10,Beauty,276
2022-07-10,Clothing,510
2022-07-10,Electronics,759
2022-07-11,Beauty,157
2022-07-11,Clothing,442
2022-07-11,Electronics,575
2022-07-12,Beauty,223
2022-07-12,Clothing,439
2022-07-12,Electronics,583
2022-07-13,Beauty,156
2022-07-13,Clothing,417
2022-07-13,Electronics,607
2022-07-14,Beauty,224
2022-07-14,Clothing,378
2022-07-14,Electronics,585
2022-07-15,Beauty,238
2022-07-15,Clothing,370
2022-07-15,Electronics,585
2022-07-16,Beauty,199
2022-07-16,Clothing,502
2022-07-16,Electronics,693
2022-07-17,Beauty,253
2022-07-17,Clothing,528
2022-07-17,Electronics,718
2022-07-18,Beauty,248
2022-07-18,Clothing,385
2022-07-18,Electronics,631
2022-07-19,Beauty,245
2022-07-19,Clothing,373
2022-07-19,Electronics,572
2022-07-20,Beauty,211
2022-07-20,Clothing,445
2022-07-20,Electronics,586
2022-07-21,Beauty,161
2022-07-21,Clothing,404
2022-07-21,Electronics,562
2022-07-22,Beauty,172
2022-07-22,Clothing,438
2022-07-22,Electronics,648
2022-07-23,Beauty,219
2022-07-23,Clothing,446
2022-07-23,Electronics,731
2022-07-24,Beauty,273
2022-07-24,Clothing,518
2022-07-24,Electronics,755
2022-07-25,Beauty,162
2022-07-25,Clothing,408
2022-07-25,Electronics,568
2022-07-26,Beauty,198
2022-07-26,Clothing,449
2022-07-26,Electronics,561
2022-07-27,Beauty,210
2022-07-27,Clothing,368
2022-07-27,Electronics,625
2022-07-28,Beauty,158
2022-07-28,Clothing,420
2022-07-28,Electronics,577
2022-07-29,Beauty,227
2022-07-29,Clothing,444
2022-07-29,Electronics,601
2022-07-30,Beauty,272
2022-07-30,Clothing,445
2022-07-30,Electronics,738
2022-07-31,Beauty,288
2022-07-31,Clothing,441
2022-07-31,Electronics,694
2022-08-01,Beauty,201
2022-08-01,Clothing,434
2022-08-01,Electronics,649
2022-08-02,Beauty,202
2022-08-02,Clothing,372
2022-08-02,Electronics,565
2022-08-03,Beauty,206
2022-08-03,Clothing,388
2022-08-03,Electronics,602
2022-08-04,Beauty,191
2022-08-04,Clothing,407
2022-08-04,Electronics,588
2022-08-05,Beauty,163
2022-08-05,Clothing,444
2022-08-05,Electronics,554
2022-08-06,Beauty,224
2022-08-06,Clothing,516
2022-08-06,Electronics,762
2022-08-07,Beauty,264
2022-08-07,Clothing,447
2022-08-07,Electronics,745
2022-08-08,Beauty,158
2022-08-08,Clothing,423
2022-08-08,Electronics,607
2022-08-09,Beauty,166
2022-08-09,Clothing,356
2022-08-09,Electronics,595
2022-08-10,Beauty,162
2022-08-10,Clothing,389
2022-08-10,Electronics,591
2022-08-11,Beauty,158
2022-08-11,Clothing,399
2022-08-11,Electronics,576
2022-08-12,Beauty,215
2022-08-12,Clothing,354
2022-08-12,Electronics,578
2022-08-13,Beauty,226
2022-08-13,Clothing,467
2022-08-13,Electronics,752
2022-08-14,Beauty,197
2022-08-14,Clothing,494
2022-08-14,Electronics,755
2022-08-15,Beauty,166
2022-08-15,Clothing,420
2022-08-15,Electronics,638
2022-08-16,Beauty,194
2022-08-16,Clothing,353
2022-08-16,Electronics,585
2022-08-17,Beauty,219
2022-08-17,Clothing,380
2022-08-17,Electronics,568
2022-08-18,Beauty,210
2022-08-18,Clothing,403
2022-08-18,Electronics,588
2022-08-19,Beauty,240
2022-08-19,Clothing,423
2022-08-19,Electronics,639
2022-08-20,Beauty,208
2022-08-20,Clothing,468
2022-08-20,Electronics,736
2022-08-21,Beauty,234
2022-08-21,Clothing,442
2022-08-21,Electronics,761
2022-08-22,Beauty,207
2022-08-22,Clothing,369
2022-08-22,Electronics,641
2022-08-23,Beauty,221
2022-08-23,Clothing,410
2022-08-23,Electronics,588
2022-08-24,Beauty,150
2022-08-24,Clothing,352
2022-08-24,Electronics,626
2022-08-25,Beauty,241
2022-08-25,Clothing,411
2022-08-25,Electronics,612
2022-08-26,Beauty,174
2022-08-26,Clothing,405
2022-08-26,Electronics,582
2022-08-27,Beauty,227
2022-08-27,Clothing,435
2022-08-27,Electronics,727
2022-08-28,Beauty,233
2022-08-28,Clothing,474
2022-08-28,Electronics,701
2022-08-29,Beauty,194
2022-08-29,Clothing,410
2022-08-29,Electronics,596
2022-08-30,Beauty,170
2022-08-30,Clothing,429
2022-08-30,Electronics,634
2022-08-31,Beauty,224
2022-08-31,Clothing,385
2022-08-31,Electronics,648
2022-09-01,Beauty,168
2022-09-01,Clothing,369
2022-09-01,Electronics,606
2022-09-02,Beauty,167
2022-09-02,Clothing,396
2022-09-02,Electronics,598
2022-09-03,Beauty,203
2022-09-03,Clothing,444
2022-09-03,Electronics,700
2022-09-04,Beauty,190
2022-09-04,Clothing,483
2022-09-04,Electronics,672
2022-09-05,Beauty,165
2022-09-05,Clothing,436
2022-09-05,Electronics,606
2022-09-06,Beauty,224
2022-09-06,Clothing,361
2022-09-06,Electronics,623
2022-09-07,Beauty,245
2022-09-07,Clothing,365
2022-09-07,Electronics,621
2022-09-08,Beauty,225
2022-09-08,Clothing,373
2022-09-08,Electronics,577
2022-09-09,Beauty,157
2022-09-09,Clothing,441
2022-09-09,Electronics,585
2022-09-10,Beauty,279
2022-09-10,Clothing,437
2022-09-10,Electronics,727
2022-09-11,Beauty,249
2022-09-11,Clothing,479
2022-09-11,Electronics,697
2022-09-12,Beauty,241
2022-09-12,Clothing,390
2022-09-12,Electronics,649
2022-09-13,Beauty,213
2022-09-13,Clothing,376
2022-09-13,Electronics,612
2022-09-14,Beauty,166
2022-09-14,Clothing,422
2022-09-14,Electronics,582
2022-09-15,Beauty,233
2022-09-15,Clothing,426
2022-09-15,Electronics,641
2022-09-16,Beauty,178
2022-09-16,Clothing,362
2022-09-16,Electronics,595
2022-09-17,Beauty,224
2022-09-17,Clothing,435
2022-09-17,Electronics,751
2022-09-18,Beauty,258
2022-09-18,Clothing,476
2022-09-18,Electronics,694
2022-09-19,Beauty,215
2022-09-19,Clothing,359
2022-09-19,Electronics,605
2022-09-20,Beauty,179
2022-09-20,Clothing,354
2022-09-20,Electronics,582
2022-09-21,Beauty,214
2022-09-21,Clothing,367
2022-09-21,Electronics,645
2022-09-22,Beauty,198
2022-09-22,Clothing,360
2022-09-22,Electronics,634
2022-09-23,Beauty,175
2022-09-23,Clothing,412
2022-09-23,Electronics,638
2022-09-24,Beauty,275
2022-09-24,Clothing,488
2022-09-24,Electronics,696
2022-09-25,Beauty,238
2022-09-25,Clothing,506
2022-09-25,Electronics,702
2022-09-26,Beauty,247
2022-09-26,Clothing,448
2022-09-26,Electronics,550
2022-09-27,Beauty,170
2022-09-27,Clothing,404
2022-09-27,Electronics,555
2022-09-28,Beauty,241
2022-09-28,Clothing,430
2022-09-28,Electronics,618
2022-09-29,Beauty,244
2022-09-29,Clothing,354
2022-09-29,Electronics,552
2022-09-30,Beauty,202
2022-09-30,Clothing,372
2022-09-30,Electronics,602
2022-10-01,Beauty,226
2022-10-01,Clothing,503
2022-10-01,Electronics,1103
2022-10-02,Beauty,272
2022-10-02,Clothing,446
2022-10-02,Electronics,1114
2022-10-03,Beauty,227
2022-10-03,Clothing,422
2022-10-03,Electronics,850
2022-10-04,Beauty,200
2022-10-04,Clothing,394
2022-10-04,Electronics,926
2022-10-05,Beauty,153
2022-10-05,Clothing,411
2022-10-05,Electronics,914
2022-10-06,Beauty,181
2022-10-06,Clothing,383
2022-10-06,Electronics,941
2022-10-07,Beauty,244
2022-10-07,Clothing,421
2022-10-07,Electronics,888
2022-10-08,Beauty,215
2022-10-08,Clothing,463
2022-10-08,Electronics,1083
2022-10-09,Beauty,192
2022-10-09,Clothing,479
2022-10-09,Electronics,1041
2022-10-10,Beauty,214
2022-10-10,Clothing,403
2022-10-10,Electronics,854
2022-10-11,Beauty,243
2022-10-11,Clothing,443
2022-10-11,Electronics,906
2022-10-12,Beauty,166
2022-10-12,Clothing,396
2022-10-12,Electronics,872
2022-10-13,Beauty,228
2022-10-13,Clothing,434
2022-10-13,Electronics,863
2022-10-14,Beauty,215
2022-10-14,Clothing,424
2022-10-14,Electronics,900
2022-10-15,Beauty,227
2022-10-15,Clothing,493
2022-10-15,Electronics,1127
2022-10-16,Beauty,227
2022-10-16,Clothing,479
2022-10-16,Electronics,1127
2022-10-17,Beauty,231
2022-10-17,Clothing,379
2022-10-17,Electronics,928
2022-10-18,Beauty,240
2022-10-18,Clothing,400
2022-10-18,Electronics,912
2022-10-19,Beauty,247
2022-10-19,Clothing,401
2022-10-19,Electronics,887
2022-10-20,Beauty,246
2022-10-20,Clothing,437
2022-10-20,Electronics,928
2022-10-21,Beauty,179
2022-10-21,Clothing,400
2022-10-21,Electronics,930
2022-10-22,Beauty,194
2022-10-22,Clothing,458
2022-10-22,Electronics,1033
2022-10-23,Beauty,199
2022-10-23,Clothing,485
2022-10-23,Electronics,1046
2022-10-24,Beauty,223
2022-10-24,Clothing,366
2022-10-24,Electronics,933
2022-10-25,Beauty,237
2022-10-25,Clothing,418
2022-10-25,Electronics,883
2022-10-26,Beauty,155
2022-10-26,Clothing,402
2022-10-26,Electronics,915
2022-10-27,Beauty,226
2022-10-27,Clothing,392
2022-10-27,Electronics,924
2022-10-28,Beauty,172
2022-10-28,Clothing,404
2022-10-28,Electronics,929
2022-10-29,Beauty,284
2022-10-29,Clothing,504
2022-10-29,Electronics,1045
2022-10-30,Beauty,197
2022-10-30,Clothing,433
2022-10-30,Electronics,1033
2022-10-31,Beauty,205
2022-10-31,Clothing,374
2022-10-31,Electronics,916
2022-11-01,Beauty,245
2022-11-01,Clothing,576
2022-11-01,Electronics,876
2022-11-02,Beauty,242
2022-11-02,Clothing,541
2022-11-02,Electronics,899
2022-11-03,Beauty,210
2022-11-03,Clothing,560
2022-11-03,Electronics,868
2022-11-04,Beauty,170
2022-11-04,Clothing,514
2022-11-04,Electronics,931
2022-11-05,Beauty,281
2022-11-05,Clothing,663
2022-11-05,Electronics,1090
2022-11-06,Beauty,211
2022-11-06,Clothing,642
2022-11-06,Electronics,1099
2022-11-07,Beauty,150
2022-11-07,Clothing,514
2022-11-07,Electronics,861
2022-11-08,Beauty,239
2022-11-08,Clothing,555
2022-11-08,Electronics,883
2022-11-09,Beauty,198
2022-11-09,Clothing,587
2022-11-09,Electronics,939
2022-11-10,Beauty,194
2022-11-10,Clothing,536
2022-11-10,Electronics,922
2022-11-11,Beauty,175
2022-11-11,Clothing,556
2022-11-11,Electronics,935
2022-11-12,Beauty,245
2022-11-12,Clothing,715
2022-11-12,Electronics,1092
2022-11-13,Beauty,237
2022-11-13,Clothing,682
2022-11-13,Electronics,1110
2022-11-14,Beauty,175
2022-11-14,Clothing,545
2022-11-14,Electronics,850
2022-11-15,Beauty,157
2022-11-15,Clothing,608
2022-11-15,Electronics,901
2022-11-16,Beauty,228
2022-11-16,Clothing,556
2022-11-16,Electronics,905
2022-11-17,Beauty,235
2022-11-17,Clothing,523
2022-11-17,Electronics,939
2022-11-18,Beauty,177
2022-11-18,Clothing,596
2022-11-18,Electronics,927
2022-11-19,Beauty,277
2022-11-19,Clothing,623
2022-11-19,Electronics,1055
2022-11-20,Beauty,203
2022-11-20,Clothing,680
2022-11-20,Electronics,1085
2022-11-21,Beauty,156
2022-11-21,Clothing,512
2022-11-21,Electronics,872
2022-11-22,Beauty,167
2022-11-22,Clothing,547
2022-11-22,Electronics,948
2022-11-23,Beauty,164
2022-11-23,Clothing,573
2022-11-23,Electronics,938
2022-11-24,Beauty,177
2022-11-24,Clothing,583
2022-11-24,Electronics,888
2022-11-25,Beauty,206
2022-11-25,Clothing,526
2022-11-25,Electronics,935
2022-11-26,Beauty,279
2022-11-26,Clothing,665
2022-11-26,Electronics,1054
2022-11-27,Beauty,206
2022-11-27,Clothing,634
2022-11-27,Electronics,1113
2022-11-28,Beauty,174
2022-11-28,Clothing,577
2022-11-28,Electronics,859
2022-11-29,Beauty,216
2022-11-29,Clothing,527
2022-11-29,Electronics,949
2022-11-30,Beauty,235
2022-11-30,Clothing,543
2022-11-30,Electronics,857
2022-12-01,Beauty,189
2022-12-01,Clothing,592
2022-12-01,Electronics,891
2022-12-02,Beauty,190
2022-12-02,Clothing,515
2022-12-02,Electronics,901
2022-12-03,Beauty,215
2022-12-03,Clothing,685
2022-12-03,Electronics,1127
2022-12-04,Beauty,248
2022-12-04,Clothing,677
2022-12-04,Electronics,1088
2022-12-05,Beauty,219
2022-12-05,Clothing,542
2022-12-05,Electronics,902
2022-12-06,Beauty,171
2022-12-06,Clothing,530
2022-12-06,Electronics,919
2022-12-07,Beauty,219
2022-12-07,Clothing,513
2022-12-07,Electronics,943
2022-12-08,Beauty,224
2022-12-08,Clothing,571
2022-12-08,Electronics,911
2022-12-09,Beauty,243
2022-12-09,Clothing,604
2022-12-09,Electronics,873
2022-12-10,Beauty,244
2022-12-10,Clothing,630
2022-12-10,Electronics,1032
2022-12-11,Beauty,220
2022-12-11,Clothing,661
2022-12-11,Electronics,1065
2022-12-12,Beauty,173
2022-12-12,Clothing,604
2022-12-12,Electronics,855
2022-12-13,Beauty,215
2022-12-13,Clothing,593
2022-12-13,Electronics,941
2022-12-14,Beauty,224
2022-12-14,Clothing,513
2022-12-14,Electronics,928
2022-12-15,Beauty,155
2022-12-15,Clothing,603
2022-12-15,Electronics,900
2022-12-16,Beauty,211
2022-12-16,Clothing,566
2022-12-16,Electronics,915
2022-12-17,Beauty,268
2022-12-17,Clothing,696
2022-12-17,Electronics,1037
2022-12-18,Beauty,215
2022-12-18,Clothing,672
2022-12-18,Electronics,1074
2022-12-19,Beauty,193
2022-12-19,Clothing,514
2022-12-19,Electronics,919
2022-12-20,Beauty,175
2022-12-20,Clothing,577
2022-12-20,Electronics,868
2022-12-21,Beauty,233
2022-12-21,Clothing,606
2022-12-21,Electronics,869
2022-12-22,Beauty,161
2022-12-22,Clothing,556
2022-12-22,Electronics,850
2022-12-23,Beauty,239
2022-12-23,Clothing,523
2022-12-23,Electronics,913
2022-12-24,Beauty,227
2022-12-24,Clothing,658
2022-12-24,Electronics,1040
2022-12-25,Beauty,289
2022-12-25,Clothing,698
2022-12-25,Electronics,1032
2022-12-26,Beauty,182
2022-12-26,Clothing,515
2022-12-26,Electronics,899
2022-12-27,Beauty,159
2022-12-27,Clothing,514
2022-12-27,Electronics,872
2022-12-28,Beauty,159
2022-12-28,Clothing,553
2022-12-28,Electronics,851
2022-12-29,Beauty,162
2022-12-29,Clothing,549
2022-12-29,Electronics,851
2022-12-30,Beauty,233
2022-12-30,Clothing,574
2022-12-30,Electronics,912
2022-12-31,Beauty,262
2022-12-31,Clothing,638
2022-12-31,Electronics,1038
2023-01-01,Beauty,264
2023-01-01,Clothing,444
2023-01-01,Electronics,693
2023-01-02,Beauty,187
2023-01-02,Clothing,384
2023-01-02,Electronics,643
2023-01-03,Beauty,244
2023-01-03,Clothing,398
2023-01-03,Electronics,618
2023-01-04,Beauty,211
2023-01-04,Clothing,409
2023-01-04,Electronics,599
2023-01-05,Beauty,227
2023-01-05,Clothing,424
2023-01-05,Electronics,558
2023-01-06,Beauty,183
2023-01-06,Clothing,425
2023-01-06,Electronics,648
2023-01-07,Beauty,224
2023-01-07,Clothing,430
2023-01-07,Electronics,709
2023-01-08,Beauty,253
2023-01-08,Clothing,451
2023-01-08,Electronics,729
2023-01-09,Beauty,213
2023-01-09,Clothing,442
2023-01-09,Electronics,621
2023-01-10,Beauty,160
2023-01-10,Clothing,363
2023-01-10,Electronics,609
2023-01-11,Beauty,179
2023-01-11,Clothing,384
2023-01-11,Electronics,634
2023-01-12,Beauty,186
2023-01-12,Clothing,354
2023-01-12,Electronics,632
2023-01-13,Beauty,227
2023-01-13,Clothing,375
2023-01-13,Electronics,611
2023-01-14,Beauty,193
2023-01-14,Clothing,518
2023-01-14,Electronics,711
2023-01-15,Beauty,278
2023-01-15,Clothing,447
2023-01-15,Electronics,709
2023-01-16,Beauty,221
2023-01-16,Clothing,388
2023-01-16,Electronics,563
2023-01-17,Beauty,181
2023-01-17,Clothing,400
2023-01-17,Electronics,587
2023-01-18,Beauty,246
2023-01-18,Clothing,372
2023-01-18,Electronics,612
2023-01-19,Beauty,164
2023-01-19,Clothing,446
2023-01-19,Electronics,574
2023-01-20,Beauty,166
2023-01-20,Clothing,446
2023-01-20,Electronics,615
2023-01-21,Beauty,267
2023-01-21,Clothing,482
2023-01-21,Electronics,720
2023-01-22,Beauty,228
2023-01-22,Clothing,480
2023-01-22,Electronics,739
2023-01-23,Beauty,155
2023-01-23,Clothing,416
2023-01-23,Electronics,556
2023-01-24,Beauty,200
2023-01-24,Clothing,421
2023-01-24,Electronics,591
2023-01-25,Beauty,213
2023-01-25,Clothing,364
2023-01-25,Electronics,578
2023-01-26,Beauty,182
2023-01-26,Clothing,443
2023-01-26,Electronics,576
2023-01-27,Beauty,185
2023-01-27,Clothing,378
2023-01-27,Electronics,587
2023-01-28,Beauty,246
2023-01-28,Clothing,526
2023-01-28,Electronics,696
2023-01-29,Beauty,244
2023-01-29,Clothing,462
2023-01-29,Electronics,737
2023-01-30,Beauty,235
2023-01-30,Clothing,415
2023-01-30,Electronics,559
2023-01-31,Beauty,154
2023-01-31,Clothing,423
2023-01-31,Electronics,646
2023-02-01,Beauty,187
2023-02-01,Clothing,362
2023-02-01,Electronics,580
2023-02-02,Beauty,196
2023-02-02,Clothing,449
2023-02-02,Electronics,637
2023-02-03,Beauty,201
2023-02-03,Clothing,405
2023-02-03,Electronics,564
2023-02-04,Beauty,218
2023-02-04,Clothing,437
2023-02-04,Electronics,674
2023-02-05,Beauty,218
2023-02-05,Clothing,476
2023-02-05,Electronics,737
2023-02-06,Beauty,225
2023-02-06,Clothing,394
2023-02-06,Electronics,551
2023-02-07,Beauty,176
2023-02-07,Clothing,444
2023-02-07,Electronics,585
2023-02-08,Beauty,185
2023-02-08,Clothing,375
2023-02-08,Electronics,592
2023-02-09,Beauty,176
2023-02-09,Clothing,418
2023-02-09,Electronics,569
2023-02-10,Beauty,160
2023-02-10,Clothing,423
2023-02-10,Electronics,587
2023-02-11,Beauty,195
2023-02-11,Clothing,501
2023-02-11,Electronics,692
2023-02-12,Beauty,236
2023-02-12,Clothing,519
2023-02-12,Electronics,715
2023-02-13,Beauty,161
2023-02-13,Clothing,439
2023-02-13,Electronics,562
2023-02-14,Beauty,211
2023-02-14,Clothing,431
2023-02-14,Electronics,638
2023-02-15,Beauty,246
2023-02-15,Clothing,409
2023-02-15,Electronics,592
2023-02-16,Beauty,225
2023-02-16,Clothing,449
2023-02-16,Electronics,617
2023-02-17,Beauty,154
2023-02-17,Clothing,386
2023-02-17,Electronics,621
2023-02-18,Beauty,281
2023-02-18,Clothing,460
2023-02-18,Electronics,678
2023-02-19,Beauty,240
2023-02-19,Clothing,458
2023-02-19,Electronics,747
2023-02-20,Beauty,189
2023-02-20,Clothing,390
2023-02-20,Electronics,635
2023-02-21,Beauty,160
2023-02-21,Clothing,372
2023-02-21,Electronics,550
2023-02-22,Beauty,195
2023-02-22,Clothing,370
2023-02-22,Electronics,639
2023-02-23,Beauty,185
2023-02-23,Clothing,403
2023-02-23,Electronics,636
2023-02-24,Beauty,206
2023-02-24,Clothing,350
2023-02-24,Electronics,612
2023-02-25,Beauty,243
2023-02-25,Clothing,484
2023-02-25,Electronics,709
2023-02-26,Beauty,204
2023-02-26,Clothing,450
2023-02-26,Electronics,716
2023-02-27,Beauty,222
2023-02-27,Clothing,402
2023-02-27,Electronics,558
2023-02-28,Beauty,223
2023-02-28,Clothing,401
2023-02-28,Electronics,606
2023-03-01,Beauty,175
2023-03-01,Clothing,390
2023-03-01,Electronics,584
2023-03-02,Beauty,212
2023-03-02,Clothing,374
2023-03-02,Electronics,639
2023-03-03,Beauty,224
2023-03-03,Clothing,387
2023-03-03,Electronics,551
2023-03-04,Beauty,196
2023-03-04,Clothing,511
2023-03-04,Electronics,760
2023-03-05,Beauty,223
2023-03-05,Clothing,520
2023-03-05,Electronics,686
2023-03-06,Beauty,192
2023-03-06,Clothing,408
2023-03-06,Electronics,600
2023-03-07,Beauty,203
2023-03-07,Clothing,373
2023-03-07,Electronics,574
2023-03-08,Beauty,220
2023-03-08,Clothing,401
2023-03-08,Electronics,619
2023-03-09,Beauty,237
2023-03-09,Clothing,382
2023-03-09,Electronics,598
2023-03-10,Beauty,178
2023-03-10,Clothing,412
2023-03-10,Electronics,571
2023-03-11,Beauty,215
2023-03-11,Clothing,457
2023-03-11,Electronics,754
2023-03-12,Beauty,238
2023-03-12,Clothing,500
2023-03-12,Electronics,750
2023-03-13,Beauty,233
2023-03-13,Clothing,398
2023-03-13,Electronics,569
2023-03-14,Beauty,235
2023-03-14,Clothing,441
2023-03-14,Electronics,612
2023-03-15,Beauty,210
2023-03-15,Clothing,398
2023-03-15,Electronics,620
2023-03-16,Beauty,150
2023-03-16,Clothing,445
2023-03-16,Electronics,562
2023-03-17,Beauty,243
2023-03-17,Clothing,436
2023-03-17,Electronics,600
2023-03-18,Beauty,245
2023-03-18,Clothing,512
2023-03-18,Electronics,731
2023-03-19,Beauty,221
2023-03-19,Clothing,459
2023-03-19,Electronics,698
2023-03-20,Beauty,198
2023-03-20,Clothing,394
2023-03-20,Electronics,642
2023-03-21,Beauty,179
2023-03-21,Clothing,365
2023-03-21,Electronics,589
2023-03-22,Beauty,168
2023-03-22,Clothing,367
2023-03-22,Electronics,550
2023-03-23,Beauty,227
2023-03-23,Clothing,396
2023-03-23,Electronics,615
2023-03-24,Beauty,241
2023-03-24,Clothing,443
2023-03-24,Electronics,587
2023-03-25,Beauty,240
2023-03-25,Clothing,492
2023-03-25,Electronics,673
2023-03-26,Beauty,190
2023-03-26,Clothing,437
2023-03-26,Electronics,698
2023-03-27,Beauty,204
2023-03-27,Clothing,352
2023-03-27,Electronics,581
2023-03-28,Beauty,159
2023-03-28,Clothing,423
2023-03-28,Electronics,632
2023-03-29,Beauty,183
2023-03-29,Clothing,446
2023-03-29,Electronics,636
2023-03-30,Beauty,204
2023-03-30,Clothing,441
2023-03-30,Electronics,581
2023-03-31,Beauty,199
2023-03-31,Clothing,356
2023-03-31,Electronics,642
2023-04-01,Beauty,269
2023-04-01,Clothing,494
2023-04-01,Electronics,726
2023-04-02,Beauty,328
2023-04-02,Clothing,517
2023-04-02,Electronics,756
2023-04-03,Beauty,268
2023-04-03,Clothing,421
2023-04-03,Electronics,603
2023-04-04,Beauty,276
2023-04-04,Clothing,400
2023-04-04,Electronics,646
2023-04-05,Beauty,301
2023-04-05,Clothing,357
2023-04-05,Electronics,583
2023-04-06,Beauty,244
2023-04-06,Clothing,445
2023-04-06,Electronics,637
2023-04-07,Beauty,287
2023-04-07,Clothing,381
2023-04-07,Electronics,595
2023-04-08,Beauty,277
2023-04-08,Clothing,497
2023-04-08,Electronics,706
2023-04-09,Beauty,315
2023-04-09,Clothing,514
2023-04-09,Electronics,683
2023-04-10,Beauty,304
2023-04-10,Clothing,404
2023-04-10,Electronics,597
2023-04-11,Beauty,291
2023-04-11,Clothing,356
2023-04-11,Electronics,623
2023-04-12,Beauty,216
2023-04-12,Clothing,382
2023-04-12,Electronics,572
2023-04-13,Beauty,294
2023-04-13,Clothing,368
2023-04-13,Electronics,568
2023-04-14,Beauty,245
2023-04-14,Clothing,378
2023-04-14,Electronics,609
2023-04-15,Beauty,343
2023-04-15,Clothing,431
2023-04-15,Electronics,670
2023-04-16,Beauty,308
2023-04-16,Clothing,498
2023-04-16,Electronics,689
2023-04-17,Beauty,220
2023-04-17,Clothing,351
2023-04-17,Electronics,616
2023-04-18,Beauty,296
2023-04-18,Clothing,361
2023-04-18,Electronics,569
2023-04-19,Beauty,214
2023-04-19,Clothing,386
2023-04-19,Electronics,587
2023-04-20,Beauty,303
2023-04-20,Clothing,358
2023-04-20,Electronics,647
2023-04-21,Beauty,262
2023-04-21,Clothing,393
2023-04-21,Electronics,648
2023-04-22,Beauty,347
2023-04-22,Clothing,453
2023-04-22,Electronics,750
2023-04-23,Beauty,335
2023-04-23,Clothing,459
2023-04-23,Electronics,728
2023-04-24,Beauty,296
2023-04-24,Clothing,445
2023-04-24,Electronics,630
2023-04-25,Beauty,290
2023-04-25,Clothing,363
2023-04-25,Electronics,558
2023-04-26,Beauty,249
2023-04-26,Clothing,415
2023-04-26,Electronics,574
2023-04-27,Beauty,282
2023-04-27,Clothing,371
2023-04-27,Electronics,553
2023-04-28,Beauty,235
2023-04-28,Clothing,407
2023-04-28,Electronics,578
2023-04-29,Beauty,359
2023-04-29,Clothing,516
2023-04-29,Electronics,706
2023-04-30,Beauty,336
2023-04-30,Clothing,499
2023-04-30,Electronics,687
2023-05-01,Beauty,294
2023-05-01,Clothing,391
2023-05-01,Electronics,649
2023-05-02,Beauty,250
2023-05-02,Clothing,387
2023-05-02,Electronics,583
2023-05-03,Beauty,226
2023-05-03,Clothing,386
2023-05-03,Electronics,574
2023-05-04,Beauty,285
2023-05-04,Clothing,436
2023-05-04,Electronics,635
2023-05-05,Beauty,294
2023-05-05,Clothing,376
2023-05-05,Electronics,606
2023-05-06,Beauty,292
2023-05-06,Clothing,435
2023-05-06,Electronics,760
2023-05-07,Beauty,301
2023-05-07,Clothing,527
2023-05-07,Electronics,681
2023-05-08,Beauty,262
2023-05-08,Clothing,420
2023-05-08,Electronics,559
2023-05-09,Beauty,254
2023-05-09,Clothing,366
2023-05-09,Electronics,575
2023-05-10,Beauty,294
2023-05-10,Clothing,441
2023-05-10,Electronics,611
2023-05-11,Beauty,255
2023-05-11,Clothing,413
2023-05-11,Electronics,551
2023-05-12,Beauty,263
2023-05-12,Clothing,414
2023-05-12,Electronics,600
2023-05-13,Beauty,314
2023-05-13,Clothing,465
2023-05-13,Electronics,695
2023-05-14,Beauty,290
2023-05-14,Clothing,450
2023-05-14,Electronics,680
2023-05-15,Beauty,249
2023-05-15,Clothing,360
2023-05-15,Electronics,585
2023-05-16,Beauty,268
2023-05-16,Clothing,388
2023-05-16,Electronics,648
2023-05-17,Beauty,263
2023-05-17,Clothing,447
2023-05-17,Electronics,604
2023-05-18,Beauty,233
2023-05-18,Clothing,371
2023-05-18,Electronics,618
2023-05-19,Beauty,265
2023-05-19,Clothing,382
2023-05-19,Electronics,585
2023-05-20,Beauty,281
2023-05-20,Clothing,512
2023-05-20,Electronics,768
2023-05-21,Beauty,342
2023-05-21,Clothing,491
2023-05-21,Electronics,767
2023-05-22,Beauty,282
2023-05-22,Clothing,375
2023-05-22,Electronics,615
2023-05-23,Beauty,282
2023-05-23,Clothing,422
2023-05-23,Electronics,589
2023-05-24,Beauty,226
2023-05-24,Clothing,350
2023-05-24,Electronics,638
2023-05-25,Beauty,270
2023-05-25,Clothing,392
2023-05-25,Electronics,591
2023-05-26,Beauty,234
2023-05-26,Clothing,388
2023-05-26,Electronics,584
2023-05-27,Beauty,264
2023-05-27,Clothing,473
2023-05-27,Electronics,720
2023-05-28,Beauty,355
2023-05-28,Clothing,527
2023-05-28,Electronics,681
2023-05-29,Beauty,228
2023-05-29,Clothing,393
2023-05-29,Electronics,608
2023-05-30,Beauty,258
2023-05-30,Clothing,410
2023-05-30,Electronics,566
2023-05-31,Beauty,283
2023-05-31,Clothing,406
2023-05-31,Electronics,604
2023-06-01,Beauty,256
2023-06-01,Clothing,361
2023-06-01,Electronics,611
2023-06-02,Beauty,289
2023-06-02,Clothing,437
2023-06-02,Electronics,632
2023-06-03,Beauty,269
2023-06-03,Clothing,524
2023-06-03,Electronics,690
2023-06-04,Beauty,342
2023-06-04,Clothing,516
2023-06-04,Electronics,749
2023-06-05,Beauty,279
2023-06-05,Clothing,421
2023-06-05,Electronics,574
2023-06-06,Beauty,291
2023-06-06,Clothing,438
2023-06-06,Electronics,561
2023-06-07,Beauty,224
2023-06-07,Clothing,408
2023-06-07,Electronics,575
2023-06-08,Beauty,235
2023-06-08,Clothing,396
2023-06-08,Electronics,581
2023-06-09,Beauty,219
2023-06-09,Clothing,365
2023-06-09,Electronics,620
2023-06-10,Beauty,278
2023-06-10,Clothing,452
2023-06-10,Electronics,695
2023-06-11,Beauty,346
2023-06-11,Clothing,515
2023-06-11,Electronics,676
2023-06-12,Beauty,223
2023-06-12,Clothing,428
2023-06-12,Electronics,556
2023-06-13,Beauty,218
2023-06-13,Clothing,397
2023-06-13,Electronics,621
2023-06-14,Beauty,268
2023-06-14,Clothing,436
2023-06-14,Electronics,642
2023-06-15,Beauty,291
2023-06-15,Clothing,444
2023-06-15,Electronics,643
2023-06-16,Beauty,248
2023-06-16,Clothing,448
2023-06-16,Electronics,567
2023-06-17,Beauty,320
2023-06-17,Clothing,446
2023-06-17,Electronics,683
2023-06-18,Beauty,292
2023-06-18,Clothing,453
2023-06-18,Electronics,768
2023-06-19,Beauty,269
2023-06-19,Clothing,394
2023-06-19,Electronics,647
2023-06-20,Beauty,212
2023-06-20,Clothing,386
2023-06-20,Electronics,592
2023-06-21,Beauty,249
2023-06-21,Clothing,439
2023-06-21,Electronics,604
2023-06-22,Beauty,296
2023-06-22,Clothing,388
2023-06-22,Electronics,564
2023-06-23,Beauty,213
2023-06-23,Clothing,442
2023-06-23,Electronics,635
2023-06-24,Beauty,286
2023-06-24,Clothing,442
2023-06-24,Electronics,751
2023-06-25,Beauty,294
2023-06-25,Clothing,445
2023-06-25,Electronics,711
2023-06-26,Beauty,275
2023-06-26,Clothing,404
2023-06-26,Electronics,648
2023-06-27,Beauty,251
2023-06-27,Clothing,383
2023-06-27,Electronics,579
2023-06-28,Beauty,222
2023-06-28,Clothing,362
2023-06-28,Electronics,567
2023-06-29,Beauty,241
2023-06-29,Clothing,445
2023-06-29,Electronics,648
2023-06-30,Beauty,248
2023-06-30,Clothing,395
2023-06-30,Electronics,578
2023-07-01,Beauty,251
2023-07-01,Clothing,522
2023-07-01,Electronics,731
2023-07-02,Beauty,246
2023-07-02,Clothing,445
2023-07-02,Electronics,725
2023-07-03,Beauty,159
2023-07-03,Clothing,379
2023-07-03,Electronics,574
2023-07-04,Beauty,233
2023-07-04,Clothing,354
2023-07-04,Electronics,614
2023-07-05,Beauty,243
2023-07-05,Clothing,398
2023-07-05,Electronics,552
2023-07-06,Beauty,194
2023-07-06,Clothing,363
2023-07-06,Electronics,579
2023-07-07,Beauty,217
2023-07-07,Clothing,367
2023-07-07,Electronics,611
2023-07-08,Beauty,226
2023-07-08,Clothing,454
2023-07-08,Electronics,717
2023-07-09,Beauty,254
2023-07-09,Clothing,482
2023-07-09,Electronics,748
2023-07-10,Beauty,222
2023-07-10,Clothing,364
2023-07-10,Electronics,598
2023-07-11,Beauty,237
2023-07-11,Clothing,417
2023-07-11,Electronics,561
2023-07-12,Beauty,208
2023-07-12,Clothing,386
2023-07-12,Electronics,610
2023-07-13,Beauty,192
2023-07-13,Clothing,419
2023-07-13,Electronics,588
2023-07-14,Beauty,205
2023-07-14,Clothing,412
2023-07-14,Electronics,595
2023-07-15,Beauty,277
2023-07-15,Clothing,440
2023-07-15,Electronics,731
2023-07-16,Beauty,266
2023-07-16,Clothing,527
2023-07-16,Electronics,694
2023-07-17,Beauty,220
2023-07-17,Clothing,401
2023-07-17,Electronics,553
2023-07-18,Beauty,208
2023-07-18,Clothing,421
2023-07-18,Electronics,569
2023-07-19,Beauty,242
2023-07-19,Clothing,412
2023-07-19,Electronics,603
2023-07-20,Beauty,223
2023-07-20,Clothing,447
2023-07-20,Electronics,606
2023-07-21,Beauty,239
2023-07-21,Clothing,390
2023-07-21,Electronics,552
2023-07-22,Beauty,195
2023-07-22,Clothing,434
2023-07-22,Electronics,674
2023-07-23,Beauty,243
2023-07-23,Clothing,476
2023-07-23,Electronics,756
2023-07-24,Beauty,198
2023-07-24,Clothing,358
2023-07-24,Electronics,648
2023-07-25,Beauty,169
2023-07-25,Clothing,410
2023-07-25,Electronics,584
2023-07-26,Beauty,199
2023-07-26,Clothing,431
2023-07-26,Electronics,611
2023-07-27,Beauty,166
2023-07-27,Clothing,437
2023-07-27,Electronics,552
2023-07-28,Beauty,181
2023-07-28,Clothing,448
2023-07-28,Electronics,562
2023-07-29,Beauty,278
2023-07-29,Clothing,502
2023-07-29,Electronics,737
2023-07-30,Beauty,203
2023-07-30,Clothing,527
2023-07-30,Electronics,680
2023-07-31,Beauty,205
2023-07-31,Clothing,416
2023-07-31,Electronics,641
2023-08-01,Beauty,178
2023-08-01,Clothing,358
2023-08-01,Electronics,616
2023-08-02,Beauty,174
2023-08-02,Clothing,447
2023-08-02,Electronics,625
2023-08-03,Beauty,191
2023-08-03,Clothing,358
2023-08-03,Electronics,628
2023-08-04,Beauty,189
2023-08-04,Clothing,374
2023-08-04,Electronics,554
2023-08-05,Beauty,200
2023-08-05,Clothing,488
2023-08-05,Electronics,767
2023-08-06,Beauty,277
2023-08-06,Clothing,508
2023-08-06,Electronics,707
2023-08-07,Beauty,221
2023-08-07,Clothing,354
2023-08-07,Electronics,597
2023-08-08,Beauty,239
2023-08-08,Clothing,367
2023-08-08,Electronics,619
2023-08-09,Beauty,186
2023-08-09,Clothing,409
2023-08-09,Electronics,597
2023-08-10,Beauty,226
2023-08-10,Clothing,377
2023-08-10,Electronics,618
2023-08-11,Beauty,226
2023-08-11,Clothing,430
2023-08-11,Electronics,589
2023-08-12,Beauty,234
2023-08-12,Clothing,525
2023-08-12,Electronics,731
2023-08-13,Beauty,282
2023-08-13,Clothing,487
2023-08-13,Electronics,736
2023-08-14,Beauty,205
2023-08-14,Clothing,389
2023-08-14,Electronics,647
2023-08-15,Beauty,189
2023-08-15,Clothing,440
2023-08-15,Electronics,626
2023-08-16,Beauty,182
2023-08-16,Clothing,355
2023-08-16,Electronics,637
2023-08-17,Beauty,168
2023-08-17,Clothing,429
2023-08-17,Electronics,589
2023-08-18,Beauty,241
2023-08-18,Clothing,446
2023-08-18,Electronics,608
2023-08-19,Beauty,248
2023-08-19,Clothing,477
2023-08-19,Electronics,710
2023-08-20,Beauty,202
2023-08-20,Clothing,474
2023-08-20,Electronics,758
2023-08-21,Beauty,202
2023-08-21,Clothing,391
2023-08-21,Electronics,649
2023-08-22,Beauty,212
2023-08-22,Clothing,376
2023-08-22,Electronics,587
2023-08-23,Beauty,209
2023-08-23,Clothing,356
2023-08-23,Electronics,554
2023-08-24,Beauty,194
2023-08-24,Clothing,407
2023-08-24,Electronics,580
2023-08-25,Beauty,172
2023-08-25,Clothing,391
2023-08-25,Electronics,559
2023-08-26,Beauty,221
2023-08-26,Clothing,482
2023-08-26,Electronics,699
2023-08-27,Beauty,228
2023-08-27,Clothing,460
2023-08-27,Electronics,751
2023-08-28,Beauty,249
2023-08-28,Clothing,351
2023-08-28,Electronics,627
2023-08-29,Beauty,226
2023-08-29,Clothing,442
2023-08-29,Electronics,561
2023-08-30,Beauty,188
2023-08-30,Clothing,415
2023-08-30,Electronics,645
2023-08-31,Beauty,162
2023-08-31,Clothing,395
2023-08-31,Electronics,576
2023-09-01,Beauty,166
2023-09-01,Clothing,444
2023-09-01,Electronics,647
2023-09-02,Beauty,249
2023-09-02,Clothing,493
2023-09-02,Electronics,757
2023-09-03,Beauty,224
2023-09-03,Clothing,499
2023-09-03,Electronics,752
2023-09-04,Beauty,179
2023-09-04,Clothing,420
2023-09-04,Electronics,623
2023-09-05,Beauty,245
2023-09-05,Clothing,447
2023-09-05,Electronics,612
2023-09-06,Beauty,177
2023-09-06,Clothing,409
2023-09-06,Electronics,628
2023-09-07,Beauty,243
2023-09-07,Clothing,386
2023-09-07,Electronics,642
2023-09-08,Beauty,171
2023-09-08,Clothing,417
2023-09-08,Electronics,569
2023-09-09,Beauty,285
2023-09-09,Clothing,529
2023-09-09,Electronics,737
2023-09-10,Beauty,280
2023-09-10,Clothing,493
2023-09-10,Electronics,686
2023-09-11,Beauty,161
2023-09-11,Clothing,371
2023-09-11,Electronics,566
2023-09-12,Beauty,159
2023-09-12,Clothing,414
2023-09-12,Electronics,571
2023-09-13,Beauty,239
2023-09-13,Clothing,431
2023-09-13,Electronics,599
2023-09-14,Beauty,163
2023-09-14,Clothing,413
2023-09-14,Electronics,596
2023-09-15,Beauty,178
2023-09-15,Clothing,425
2023-09-15,Electronics,585
2023-09-16,Beauty,288
2023-09-16,Clothing,481
2023-09-16,Electronics,745
2023-09-17,Beauty,196
2023-09-17,Clothing,458
2023-09-17,Electronics,680
2023-09-18,Beauty,182
2023-09-18,Clothing,355
2023-09-18,Electronics,628
2023-09-19,Beauty,181
2023-09-19,Clothing,400
2023-09-19,Electronics,624
2023-09-20,Beauty,207
2023-09-20,Clothing,436
2023-09-20,Electronics,575
2023-09-21,Beauty,247
2023-09-21,Clothing,395
2023-09-21,Electronics,647
2023-09-22,Beauty,178
2023-09-22,Clothing,353
2023-09-22,Electronics,630
2023-09-23,Beauty,288
2023-09-23,Clothing,442
2023-09-23,Electronics,708
2023-09-24,Beauty,204
2023-09-24,Clothing,458
2023-09-24,Electronics,698
2023-09-25,Beauty,224
2023-09-25,Clothing,381
2023-09-25,Electronics,551
2023-09-26,Beauty,196
2023-09-26,Clothing,427
2023-09-26,Electronics,633
2023-09-27,Beauty,171
2023-09-27,Clothing,424
2023-09-27,Electronics,576
2023-09-28,Beauty,216
2023-09-28,Clothing,430
2023-09-28,Electronics,605
2023-09-29,Beauty,241
2023-09-29,Clothing,442
2023-09-29,Electronics,570
2023-09-30,Beauty,236
2023-09-30,Clothing,509
2023-09-30,Electronics,728
2023-10-01,Beauty,273
2023-10-01,Clothing,435
2023-10-01,Electronics,1048
2023-10-02,Beauty,206
2023-10-02,Clothing,418
2023-10-02,Electronics,852
2023-10-03,Beauty,150
2023-10-03,Clothing,407
2023-10-03,Electronics,887
2023-10-04,Beauty,164
2023-10-04,Clothing,383
2023-10-04,Electronics,910
2023-10-05,Beauty,184
2023-10-05,Clothing,413
2023-10-05,Electronics,874
2023-10-06,Beauty,173
2023-10-06,Clothing,361
2023-10-06,Electronics,867
2023-10-07,Beauty,204
2023-10-07,Clothing,509
2023-10-07,Electronics,1056
2023-10-08,Beauty,261
2023-10-08,Clothing,489
2023-10-08,Electronics,1075
2023-10-09,Beauty,238
2023-10-09,Clothing,366
2023-10-09,Electronics,942
2023-10-10,Beauty,202
2023-10-10,Clothing,357
2023-10-10,Electronics,928
2023-10-11,Beauty,176
2023-10-11,Clothing,395
2023-10-11,Electronics,899
2023-10-12,Beauty,220
2023-10-12,Clothing,352
2023-10-12,Electronics,942
2023-10-13,Beauty,213
2023-10-13,Clothing,393
2023-10-13,Electronics,902
2023-10-14,Beauty,213
2023-10-14,Clothing,489
2023-10-14,Electronics,1032
2023-10-15,Beauty,209
2023-10-15,Clothing,475
2023-10-15,Electronics,1044
2023-10-16,Beauty,174
2023-10-16,Clothing,443
2023-10-16,Electronics,927
2023-10-17,Beauty,220
2023-10-17,Clothing,366
2023-10-17,Electronics,933
2023-10-18,Beauty,249
2023-10-18,Clothing,358
2023-10-18,Electronics,887
2023-10-19,Beauty,197
2023-10-19,Clothing,409
2023-10-19,Electronics,912
2023-10-20,Beauty,235
2023-10-20,Clothing,351
2023-10-20,Electronics,937
2023-10-21,Beauty,261
2023-10-21,Clothing,440
2023-10-21,Electronics,1093
2023-10-22,Beauty,266
2023-10-22,Clothing,510
2023-10-22,Electronics,1101
2023-10-23,Beauty,170
2023-10-23,Clothing,367
2023-10-23,Electronics,943
2023-10-24,Beauty,213
2023-10-24,Clothing,431
2023-10-24,Electronics,944
2023-10-25,Beauty,187
2023-10-25,Clothing,381
2023-10-25,Electronics,860
2023-10-26,Beauty,194
2023-10-26,Clothing,438
2023-10-26,Electronics,882
2023-10-27,Beauty,190
2023-10-27,Clothing,357
2023-10-27,Electronics,860
2023-10-28,Beauty,275
2023-10-28,Clothing,480
2023-10-28,Electronics,1117
2023-10-29,Beauty,230
2023-10-29,Clothing,446
2023-10-29,Electronics,1105
2023-10-30,Beauty,195
2023-10-30,Clothing,381
2023-10-30,Electronics,928
2023-10-31,Beauty,229
2023-10-31,Clothing,403
2023-10-31,Electronics,935
2023-11-01,Beauty,241
2023-11-01,Clothing,529
2023-11-01,Electronics,882
2023-11-02,Beauty,223
2023-11-02,Clothing,549
2023-11-02,Electronics,881
2023-11-03,Beauty,246
2023-11-03,Clothing,511
2023-11-03,Electronics,946
2023-11-04,Beauty,222
2023-11-04,Clothing,698
2023-11-04,Electronics,1059
2023-11-05,Beauty,222
2023-11-05,Clothing,698
2023-11-05,Electronics,1055
2023-11-06,Beauty,171
2023-11-06,Clothing,575
2023-11-06,Electronics,887
2023-11-07,Beauty,239
2023-11-07,Clothing,555
2023-11-07,Electronics,864
2023-11-08,Beauty,247
2023-11-08,Clothing,553
2023-11-08,Electronics,898
2023-11-09,Beauty,224
2023-11-09,Clothing,570
2023-11-09,Electronics,916
2023-11-10,Beauty,155
2023-11-10,Clothing,518
2023-11-10,Electronics,855
2023-11-11,Beauty,262
2023-11-11,Clothing,716
2023-11-11,Electronics,1061
2023-11-12,Beauty,230
2023-11-12,Clothing,697
2023-11-12,Electronics,1037
2023-11-13,Beauty,221
2023-11-13,Clothing,559
2023-11-13,Electronics,941
2023-11-14,Beauty,211
2023-11-14,Clothing,593
2023-11-14,Electronics,911
2023-11-15,Beauty,156
2023-11-15,Clothing,584
2023-11-15,Electronics,933
2023-11-16,Beauty,229
2023-11-16,Clothing,513
2023-11-16,Electronics,855
2023-11-17,Beauty,207
2023-11-17,Clothing,531
2023-11-17,Electronics,875
2023-11-18,Beauty,192
2023-11-18,Clothing,662
2023-11-18,Electronics,1089
2023-11-19,Beauty,203
2023-11-19,Clothing,696
2023-11-19,Electronics,1111
2023-11-20,Beauty,161
2023-11-20,Clothing,596
2023-11-20,Electronics,861
2023-11-21,Beauty,162
2023-11-21,Clothing,534
2023-11-21,Electronics,894
2023-11-22,Beauty,168
2023-11-22,Clothing,564
2023-11-22,Electronics,949
2023-11-23,Beauty,194
2023-11-23,Clothing,517
2023-11-23,Electronics,942
2023-11-24,Beauty,202
2023-11-24,Clothing,564
2023-11-24,Electronics,881
2023-11-25,Beauty,240
2023-11-25,Clothing,665
2023-11-25,Electronics,1111
2023-11-26,Beauty,259
2023-11-26,Clothing,639
2023-11-26,Electronics,1112
2023-11-27,Beauty,171
2023-11-27,Clothing,546
2023-11-27,Electronics,945
2023-11-28,Beauty,205
2023-11-28,Clothing,568
2023-11-28,Electronics,852
2023-11-29,Beauty,177
2023-11-29,Clothing,583
2023-11-29,Electronics,884
2023-11-30,Beauty,210
2023-11-30,Clothing,602
2023-11-30,Electronics,903
2023-12-01,Beauty,212
2023-12-01,Clothing,588
2023-12-01,Electronics,946
2023-12-02,Beauty,196
2023-12-02,Clothing,697
2023-12-02,Electronics,1078
2023-12-03,Beauty,283
2023-12-03,Clothing,706
2023-12-03,Electronics,1060
2023-12-04,Beauty,207
2023-12-04,Clothing,570
2023-12-04,Electronics,873
2023-12-05,Beauty,169
2023-12-05,Clothing,546
2023-12-05,Electronics,853
2023-12-06,Beauty,241
2023-12-06,Clothing,529
2023-12-06,Electronics,909
2023-12-07,Beauty,173
2023-12-07,Clothing,559
2023-12-07,Electronics,898
2023-12-08,Beauty,200
2023-12-08,Clothing,605
2023-12-08,Electronics,885
2023-12-09,Beauty,287
2023-12-09,Clothing,721
2023-12-09,Electronics,1095
2023-12-10,Beauty,268
2023-12-10,Clothing,655
2023-12-10,Electronics,1065
2023-12-11,Beauty,155
2023-12-11,Clothing,548
2023-12-11,Electronics,891
2023-12-12,Beauty,207
2023-12-12,Clothing,521
2023-12-12,Electronics,852
2023-12-13,Beauty,167
2023-12-13,Clothing,549
2023-12-13,Electronics,870
2023-12-14,Beauty,164
2023-12-14,Clothing,606
2023-12-14,Electronics,948
2023-12-15,Beauty,175
2023-12-15,Clothing,517
2023-12-15,Electronics,949
2023-12-16,Beauty,283
2023-12-16,Clothing,708
2023-12-16,Electronics,1071
2023-12-17,Beauty,233
2023-12-17,Clothing,635
2023-12-17,Electronics,1107
2023-12-18,Beauty,151
2023-12-18,Clothing,546
2023-12-18,Electronics,918
2023-12-19,Beauty,187
2023-12-19,Clothing,550
2023-12-19,Electronics,911
2023-12-20,Beauty,209
2023-12-20,Clothing,523
2023-12-20,Electronics,938
2023-12-21,Beauty,233
2023-12-21,Clothing,511
2023-12-21,Electronics,919
2023-12-22,Beauty,166
2023-12-22,Clothing,598
2023-12-22,Electronics,877
2023-12-23,Beauty,255
2023-12-23,Clothing,656
2023-12-23,Electronics,1034
2023-12-24,Beauty,254
2023-12-24,Clothing,661
2023-12-24,Electronics,1105
2023-12-25,Beauty,205
2023-12-25,Clothing,545
2023-12-25,Electronics,894
2023-12-26,Beauty,172
2023-12-26,Clothing,556
2023-12-26,Electronics,880
2023-12-27,Beauty,160
2023-12-27,Clothing,519
2023-12-27,Electronics,916
2023-12-28,Beauty,163
2023-12-28,Clothing,589
2023-12-28,Electronics,923
2023-12-29,Beauty,242
2023-12-29,Clothing,519
2023-12-29,Electronics,925
2023-12-30,Beauty,283
2023-12-30,Clothing,622
2023-12-30,Electronics,1034
2023-12-31,Beauty,209
2023-12-31,Clothing,629
2023-12-31,Electronics,1072
